[
    {
        "hotelId": "1",
        "code": "RACK",
        "inDate": "2015-04-09",
        "outDate": "2015-04-10",
        "roomType": {
          "bookableRate": 109.00,
          "code": "KNG",
          "description": "King sized bed",
          "totalRate": 109.00,
          "totalRateInclusive": 123.17
        }
    },
    {
        "hotelId": "2",
        "code": "RACK",
        "inDate": "2015-04-09",
        "outDate": "2015-04-10",
        "roomType": {
          "bookableRate": 139.00,
          "code": "QN",
          "description": "Queen sized bed",
          "totalRate": 139.00,
          "totalRateInclusive": 153.09
        }
    },
    {
        "hotelId": "3",
        "code": "RACK",
        "inDate": "2015-04-09",
        "outDate": "2015-04-10",
        "roomType": {
          "bookableRate": 109.00,
          "code": "KNG",
          "description": "King sized bed",
          "totalRate": 109.00,
          "totalRateInclusive": 123.17
        }
    }
]
